﻿Feelings,Feelings (group),1,Diff,Diff Percent,F10,F2,Per Trainee,Percentage,Size,Surgery,Trainee
Frustrated,Frustrated,1,25.47,0.2547,0,1383,0.93,74.53,1183,0.4345,12000
Disheartened,Disheartened,1,29.45,0.2945,0,1309,0.93,70.55,1109,0.4345,12000
Disappointed,Disappointed,1,24.32,0.2432,0,1404,0.93,75.68,1204,0.4345,12000
Betrayed,Betrayed,1,9.65,0.0965,0,1676,0.93,90.35,1476,0.4345,12000
Powerless,Powerless,1,12.29,0.1229,0,1627,0.93,87.71,1427,0.4345,12000
Angry,Angry,1,1.14,0.0114,0,1834,0.93,98.86,1634,0.4345,12000
Anxious,Anxious,1,23.31,0.2331,0,1423,0.93,76.69,1223,0.4345,12000
Worried,Worried,1,8.15,0.0815,0,1704,0.93,91.85,1504,0.4345,12000
Overwhelmed,Overwhelmed,1,17.44,0.1744,0,1532,0.93,82.56,1332,0.4345,12000
Defeated,Defeated,1,4.15,0.0415,0,1778,0.93,95.85,1578,0.4345,12000
Resentful,Resentful,1,17.55,0.1755,0,1530,0.93,82.45,1330,0.4345,12000
Desperate,Desperate,1,18.35,0.1835,0,1515,0.93,81.65,1315,0.4345,12000
Conflicted,Conflicted,1,15.98,0.1598,0,1559,0.93,84.02,1359,0.4345,12000
Depressed,Depressed,1,8.52,0.0852,0,1697,0.93,91.48,1497,0.4345,12000
Disillusioned,Disillusioned,1,28.43,0.2843,0,1328,0.93,71.57,1128,0.4345,12000
express opposition to this plan,opposed to Increase of Korean Medical Admission in 2025,1,4.049712595,0.040497126,1,,,95.95,1523,,
have either already embarked on or are planning walking off,have either already embarked on or are planning walking off,1,14.00384615,0.140038462,1,,,86.00,1365,,
enhancing workplace environments and bolstering salaries,suggested improvements on working environment and benefits of medical staffs,1,8.01876585,0.080187658,1,,,91.98,1460,,
