﻿Event,Year,F2,F6,Hourly pay,wages,Working hours per week
,2012,,45271.167128874,11.05,45271.167128874,78.176
,2013,,45090.082460359,11.02,45090.082460359,79.895872
"In 2014, doctors and medical students opposed a telemedicine initiative, fearing it would compromise patient care and the integrity of the patient-doctor relationship. Although this strike led to discussions, the issue of telemedicine has remained contentious.",2014,1,45495.893202502,11.04,45495.893202502,83.09170688
,2015,,47133.745357792,11.57,47133.745357792,75.469306885
,2016,,47180.87910315,11.64,47180.87910315,77.506978171
,2017,,46944.974707634,11.66,46944.974707634,79.987201472
,2018,,46851.084758219,11.63,46851.084758219,82.706766322
,2019,,46991.638012494,11.65,46991.638012494,84.609021947
"In 2020, a monthlong strike by doctors forced the authorities to shelve a plan of addition 400 medical admission every year. But this time, the government has so far remained steadfast in its position and criticism, arguing that the walkout has compromised the health and safety of the public.",2020,1,47226.596202556,11.70,47226.596202556,86.893465540
,2021,,49446.246224076,12.07,49446.246224076,78.636620398
,2022,,49891.262440093,12.01,49891.262440093,80.759809149
,2023,,50340.283802054,11.97,50340.283802054,83.586402469
,2024,1,50887,12.26,50887,84.85
