country,code country,Years,Period life expectancy at birth - Sex: all - Age: 0,"Number of deaths from smallpox per 1,000 population (Edwardes 1902)"
United Kingdom,GBR,1543,33.94,0
United Kingdom,GBR,1548,38.82,0
United Kingdom,GBR,1553,39.59,0
United Kingdom,GBR,1558,22.38,0
United Kingdom,GBR,1563,36.66,0
United Kingdom,GBR,1568,39.67,0
United Kingdom,GBR,1573,41.06,0
United Kingdom,GBR,1578,41.56,0
United Kingdom,GBR,1583,42.7,0
United Kingdom,GBR,1588,37.05,0
United Kingdom,GBR,1593,38.05,0
United Kingdom,GBR,1598,37.82,0
United Kingdom,GBR,1603,38.53,0
United Kingdom,GBR,1608,39.59,0
United Kingdom,GBR,1613,36.79,0
United Kingdom,GBR,1618,40.31,0
United Kingdom,GBR,1623,33.39,0
United Kingdom,GBR,1628,39.69,0
United Kingdom,GBR,1633,39.72,0
United Kingdom,GBR,1638,34.03,0
United Kingdom,GBR,1643,36.32,0
United Kingdom,GBR,1648,39.74,0
United Kingdom,GBR,1653,39.14,0
United Kingdom,GBR,1658,33.04,0
United Kingdom,GBR,1663,33.27,0
United Kingdom,GBR,1668,32.48,0
United Kingdom,GBR,1673,37.41,0
United Kingdom,GBR,1678,32.4,0
United Kingdom,GBR,1683,31.27,0
United Kingdom,GBR,1688,35.93,0
United Kingdom,GBR,1693,36.35,0
United Kingdom,GBR,1698,38.06,0
United Kingdom,GBR,1703,38.47,0
United Kingdom,GBR,1708,38.5,0
United Kingdom,GBR,1713,36.89,0
United Kingdom,GBR,1718,35.75,0
United Kingdom,GBR,1723,35.49,0
United Kingdom,GBR,1728,25.34,0
United Kingdom,GBR,1733,36.34,0
United Kingdom,GBR,1738,35.26,0
United Kingdom,GBR,1743,34.27,0
United Kingdom,GBR,1748,36.47,0
Sweden,SWE,1751,38.43,0
Sweden,SWE,1752,35.41,0
Sweden,SWE,1753,39.74,0
United Kingdom,GBR,1753,39.77,0
Sweden,SWE,1754,37.5,0
Finland,FIN,1755,37.25,0
Sweden,SWE,1755,36.58,0
Sweden,SWE,1756,36.25,0
Sweden,SWE,1757,33.81,0
Sweden,SWE,1758,32.92,0
United Kingdom,GBR,1758,38.12,0
Sweden,SWE,1759,38.21,0
Sweden,SWE,1760,39.71,0
Sweden,SWE,1761,37.83,0
Sweden,SWE,1762,32.49,0
Sweden,SWE,1763,30.46,0
United Kingdom,GBR,1763,35.37,0
Sweden,SWE,1764,36.3,0
Finland,FIN,1765,34.85,0
Sweden,SWE,1765,35.99,0
Sweden,SWE,1766,38.11,0
Sweden,SWE,1767,38.23,0
Sweden,SWE,1768,35.05,0
United Kingdom,GBR,1768,36.19,0
Sweden,SWE,1769,34.71,0
Africa,0,1770,26.4,0
Americas,0,1770,34.8,0
Asia,0,1770,27.5,0
Europe,0,1770,34.3,0
Sweden,SWE,1770,36.66,0
World,OWID_WRL,1770,28.5,0
Sweden,SWE,1771,35.43,0
Sweden,SWE,1772,27.73,0
Sweden,SWE,1773,17.99,0
United Kingdom,GBR,1773,39.09,0
Sweden,SWE,1774,40.58,10.32
Denmark,DNK,1775,33,0
Finland,FIN,1775,39.35,0
Sweden,SWE,1775,38.15,63.100.000.000.000.000
Sweden,SWE,1776,41.51,7.37
Sweden,SWE,1777,38.13,9.43
Sweden,SWE,1778,35.56,31.77
United Kingdom,GBR,1778,37.74,0
Sweden,SWE,1779,32.82,71.96
Sweden,SWE,1780,42.68,15.93
Sweden,SWE,1781,37.81,6.989.999.999.999.990
Sweden,SWE,1782,36.66,11.66
Sweden,SWE,1783,33.72,18.36
United Kingdom,GBR,1783,35.81,0
Sweden,SWE,1784,31.44,58.26
Finland,FIN,1785,33.8,0
Sweden,SWE,1785,33.48,23.700.000.000.000.000
Sweden,SWE,1786,37.9,3.13
Sweden,SWE,1787,40.27,8.25
Sweden,SWE,1788,36.82,25.44
United Kingdom,GBR,1788,38.97,0
Sweden,SWE,1789,31.23,31.48
Sweden,SWE,1790,33.6,27.400.000.000.000.000
Sweden,SWE,1791,38.45,14.25
Sweden,SWE,1792,39.84,8.8
Sweden,SWE,1793,39.64,9.44
United Kingdom,GBR,1793,37.92,0
Sweden,SWE,1794,40.41,17.58
Finland,FIN,1795,37.05,0
Sweden,SWE,1795,36.55,29.56
Sweden,SWE,1796,38.88,19.630.000.000.000.000
Sweden,SWE,1797,40.37,7.51
Sweden,SWE,1798,41.34,5.85
United Kingdom,GBR,1798,38.93,0
Sweden,SWE,1799,39.34,16.09
Europe,0,1800,33.3,0
Sweden,SWE,1800,32.19,51.260.000.000.000.000
World,OWID_WRL,1800,28.5,0
Sweden,SWE,1801,36.91,25.659.999.999.999.900
Sweden,SWE,1802,40.18,6.46
Sweden,SWE,1803,40.24,6.13
United Kingdom,GBR,1803,40.02,0
Sweden,SWE,1804,39.7,06.08
Finland,FIN,1805,31.8,0
Sweden,SWE,1805,41.05,45.200.000.000.000.000
Sweden,SWE,1806,36.2,6.16
Sweden,SWE,1807,38.77,8.88
Sweden,SWE,1808,30.19,7.59
United Kingdom,GBR,1808,40.58,0
Sweden,SWE,1809,26.91,10.09
Sweden,SWE,1810,31.99,34.699.999.999.999.900
Sweden,SWE,1811,34.59,29.099.999.999.999.900
Sweden,SWE,1812,35.11,16.700.000.000.000.000
Sweden,SWE,1813,36.5,2.25
United Kingdom,GBR,1813,41.25,0
Sweden,SWE,1814,38.6,1.26
Finland,FIN,1815,35.8,0
Sweden,SWE,1815,40.45,19.100.000.000.000.000
France,FRA,1816,40.1,0
Sweden,SWE,1816,41.78,27.700.000.000.000.000
France,FRA,1817,39.23,0
Sweden,SWE,1817,40.31,0.96
France,FRA,1818,38.6,0
Sweden,SWE,1818,40.02,1.2
United Kingdom,GBR,1818,40.84,0
France,FRA,1819,37.32,0
Sweden,SWE,1819,36.97,0.63
Europe,0,1820,35.6,0
France,FRA,1820,39.28,0
Sweden,SWE,1820,40.24,0.55
World,OWID_WRL,1820,29,0
France,FRA,1821,39.88,0
Sweden,SWE,1821,38.17,0.14
France,FRA,1822,38.37,0
Sweden,SWE,1822,42.77,0.04
France,FRA,1823,40.04,0
Sweden,SWE,1823,45.2,0.15
United Kingdom,GBR,1823,40.47,0
France,FRA,1824,39.21,0
Sweden,SWE,1824,44.98,22.600.000.000.000.000
Finland,FIN,1825,38.4,0
France,FRA,1825,38.58,0
Sweden,SWE,1825,45.26,4.49
France,FRA,1826,37.8,0
Sweden,SWE,1826,43.11,2.23
France,FRA,1827,39.41,0
Sweden,SWE,1827,42.66,2.12
France,FRA,1828,37.6,0
Sweden,SWE,1828,37.76,8.999.999.999.999.990
United Kingdom,GBR,1828,41.43,0
France,FRA,1829,39.44,0
Sweden,SWE,1829,36.21,0.19
Americas,0,1830,34.8,0
France,FRA,1830,39.63,0
Sweden,SWE,1830,40.98,0.36
Canada,CAN,1831,39.046,0
France,FRA,1831,39.73,0
Sweden,SWE,1831,39,2.11
France,FRA,1832,35.87,0
Sweden,SWE,1832,40.85,2.13
France,FRA,1833,38.88,0
Sweden,SWE,1833,42.52,3.87
United Kingdom,GBR,1833,40.89,0
France,FRA,1834,35.09,0
Sweden,SWE,1834,38.55,35.199.999.999.999.900
Denmark,DNK,1835,38.42,0
Finland,FIN,1835,34.65,0
France,FRA,1835,39.52,0
Sweden,SWE,1835,47.15,1.47
Denmark,DNK,1836,40.03,0
France,FRA,1836,42,0
Sweden,SWE,1836,45.15,44.999.999.999.999.900
Denmark,DNK,1837,41.53,0
France,FRA,1837,39.42,0
Sweden,SWE,1837,39.6,11.700.000.000.000.000
Denmark,DNK,1838,43.14,0
England,0,1838,0,10.64
France,FRA,1838,39.37,0
Iceland,ISL,1838,32.54,0
Sweden,SWE,1838,40,5.83
United Kingdom,GBR,1838,40.56,0
Denmark,DNK,1839,41.91,0
England,0,1839,0,5.89
France,FRA,1839,40.95,0
Iceland,ISL,1839,28.07,0
Sweden,SWE,1839,39.87,6.21
Denmark,DNK,1840,41.1,0
England,0,1840,0,6.61
France,FRA,1840,40.41,0
Iceland,ISL,1840,32.08,0
Sweden,SWE,1840,43.98,02.07
Belgium,BEL,1841,40.34,0
Canada,CAN,1841,40.317,0
Denmark,DNK,1841,42.67,0
England,0,1841,0,4
England and Wales,0,1841,41.62,0
France,FRA,1841,40.71,0
Iceland,ISL,1841,40.35,0
Sweden,SWE,1841,45.14,0.75
Belgium,BEL,1842,38.67,0
Denmark,DNK,1842,42.54,0
England,0,1842,0,16.800.000.000.000.000
England and Wales,0,1842,41.3,0
France,FRA,1842,40.03,0
Iceland,ISL,1842,40.23,0
Sweden,SWE,1842,42.8,0.18
United Kingdom,GBR,1842,40.995,0
Belgium,BEL,1843,40.38,0
Denmark,DNK,1843,43.91,0
England and Wales,0,1843,41.81,0
France,FRA,1843,40.79,0
Iceland,ISL,1843,25.5,0
Sweden,SWE,1843,42.83,0.03
United Kingdom,GBR,1843,41.56,0
Belgium,BEL,1844,41.91,0
Denmark,DNK,1844,44.08,0
England and Wales,0,1844,41.49,0
France,FRA,1844,42.33,0
Iceland,ISL,1844,42.97,0
Sweden,SWE,1844,44.01,0
United Kingdom,GBR,1844,41.24,0
Belgium,BEL,1845,41.05,0
Denmark,DNK,1845,43.4,0
England and Wales,0,1845,42.49,0
Finland,FIN,1845,40.45,0
France,FRA,1845,43.61,0
Iceland,ISL,1845,41.47,0
Sweden,SWE,1845,45.99,0
United Kingdom,GBR,1845,42.17,0
Belgium,BEL,1846,37.86,0
Denmark,DNK,1846,40.44,0
England and Wales,0,1846,39.91,0
France,FRA,1846,40.7,0
Iceland,ISL,1846,18.68,0
Norway,NOR,1846,48.05,0
Sweden,SWE,1846,42.04,0
United Kingdom,GBR,1846,40.15,0
Austria,AUT,1847,0,1.6
Belgium,BEL,1847,35.13,0
Denmark,DNK,1847,40.47,0
England,0,1847,0,2.46
England and Wales,0,1847,38.29,0
France,FRA,1847,40.45,0
Iceland,ISL,1847,33.41,0
Norway,NOR,1847,44.77,0
Prussia,0,1847,0,0.95
Sweden,SWE,1847,40.14,0
United Kingdom,GBR,1847,38.515,0
Austria,AUT,1848,0,2.15
Belgium,BEL,1848,38.05,0
Denmark,DNK,1848,40.82,0
England,0,1848,0,3.97
England and Wales,0,1848,39.46,0
France,FRA,1848,40.33,0
Iceland,ISL,1848,41.78,0
Norway,NOR,1848,45.01,0
Prussia,0,1848,0,1.37
Sweden,SWE,1848,45.13,0
United Kingdom,GBR,1848,39.89,0
Austria,AUT,1849,0,29.299.999.999.999.900
Belgium,BEL,1849,34.51,0
Denmark,DNK,1849,39.57,0
England,0,1849,0,2.64
England and Wales,0,1849,37.34,0
France,FRA,1849,35.95,0
Iceland,ISL,1849,37.34,0
Norway,NOR,1849,48.04,0
Prussia,0,1849,0,01.08
Sweden,SWE,1849,44.5,0
United Kingdom,GBR,1849,37.68,0
Americas,0,1850,35.1,0
Austria,AUT,1850,0,1.61
Belgium,BEL,1850,42.3,0
Denmark,DNK,1850,43.52,0
England,0,1850,0,2.62
England and Wales,0,1850,42.75,0
Europe,0,1850,36.3,0
France,FRA,1850,43.31,0
Iceland,ISL,1850,36.74,0
Netherlands,NLD,1850,39.84,0
Norway,NOR,1850,49.52,0
Prussia,0,1850,0,1.57
Sweden,SWE,1850,44.69,0
United Kingdom,GBR,1850,42.77,0
World,OWID_WRL,1850,29.3,0
Austria,AUT,1851,0,1.11
Belgium,BEL,1851,41.91,1.56
Canada,CAN,1851,41.06,0
Denmark,DNK,1851,44.53,0
England,0,1851,0,3.89
England and Wales,0,1851,41.36,0
France,FRA,1851,41.8,0
Iceland,ISL,1851,30.14,0
Netherlands,NLD,1851,40.14,0
Norway,NOR,1851,49.72,0
Prussia,0,1851,0,1.29
Sweden,SWE,1851,43.62,0
United Kingdom,GBR,1851,40.95,0
Austria,AUT,1852,0,11.600.000.000.000.000
Belgium,BEL,1852,41.81,11.400.000.000.000.000
Denmark,DNK,1852,43.05,0
England,0,1852,0,04.01
England and Wales,0,1852,40.87,0
France,FRA,1852,41.35,0
Iceland,ISL,1852,42.15,0
Netherlands,NLD,1852,38.71,0
Norway,NOR,1852,48.47,0
Prussia,0,1852,0,18.900.000.000.000.000
Sweden,SWE,1852,41.35,0
United Kingdom,GBR,1852,40.41,0
Austria,AUT,1853,0,2.38
Belgium,BEL,1853,41.35,11.400.000.000.000.000
Denmark,DNK,1853,38.57,0
England,0,1853,0,17.100.000.000.000.000
England and Wales,0,1853,40.51,0
France,FRA,1853,42.55,0
Iceland,ISL,1853,48.69,0
Netherlands,NLD,1853,38.74,0
Norway,NOR,1853,47.91,0
Prussia,0,1853,0,3.95
Sweden,SWE,1853,39.99,0
United Kingdom,GBR,1853,39.985,0
Austria,AUT,1854,0,2.84
Belgium,BEL,1854,39.78,11.400.000.000.000.000
Denmark,DNK,1854,44.71,0
England,0,1854,0,1.51
England and Wales,0,1854,39.3,0
France,FRA,1854,36.16,0
Iceland,ISL,1854,43.16,0
Netherlands,NLD,1854,38.72,0
Norway,NOR,1854,51.62,0
Prussia,0,1854,0,4.36
Sweden,SWE,1854,44.53,0
United Kingdom,GBR,1854,39.48,0
Austria,AUT,1855,0,4.76
Belgium,BEL,1855,37.46,0.97
Denmark,DNK,1855,46.15,0
England,0,1855,0,1.31
England and Wales,0,1855,40.99,0
Finland,FIN,1855,35.1,0
France,FRA,1855,37.56,0
Iceland,ISL,1855,38.24,0
Netherlands,NLD,1855,34.58,0
Norway,NOR,1855,50.43,0
Prussia,0,1855,0,0.97
Scotland,0,1855,42.98,4.4
Sweden,SWE,1855,43.06,0
United Kingdom,GBR,1855,40.74,0
Austria,AUT,1856,0,16.400.000.000.000.000
Belgium,BEL,1856,40.92,2.41
Denmark,DNK,1856,46.76,0
England,0,1856,0,11.600.000.000.000.000
England and Wales,0,1856,43.21,0
France,FRA,1856,40.19,0
Iceland,ISL,1856,42.41,0
Netherlands,NLD,1856,38.47,0
Norway,NOR,1856,50.35,0
Prussia,0,1856,0,0.73
Scotland,0,1856,44.32,4.36
Sweden,SWE,1856,42.12,0
United Kingdom,GBR,1856,42.47,0
Austria,AUT,1857,0,1.23
Belgium,BEL,1857,40.48,2.41
Denmark,DNK,1857,42.48,0
England,0,1857,0,02.02
England and Wales,0,1857,41.84,0
France,FRA,1857,39.6,0
Iceland,ISL,1857,39.52,0
Netherlands,NLD,1857,35.41,0
Norway,NOR,1857,50.21,0
Prussia,0,1857,0,1.33
Scotland,0,1857,43.51,28.100.000.000.000.000
Sweden,SWE,1857,34.62,0
United Kingdom,GBR,1857,40.925,0
Austria,AUT,1858,0,2.18
Belgium,BEL,1858,40.17,2.41
Denmark,DNK,1858,40.02,0
England,0,1858,0,3.29
England and Wales,0,1858,39.99,0
France,FRA,1858,39.71,0
Iceland,ISL,1858,34.88,0
Netherlands,NLD,1858,34.79,0
Norway,NOR,1858,51.57,0
Prussia,0,1858,0,2.64
Scotland,0,1858,43.05,1.1
Sweden,SWE,1858,41.99,0
United Kingdom,GBR,1858,39.545,0
Austria,AUT,1859,0,2.62
Belgium,BEL,1859,38.97,2.41
Denmark,DNK,1859,44.4,0
England,0,1859,0,19.300.000.000.000.000
England and Wales,0,1859,40.77,0
France,FRA,1859,35.32,0
Iceland,ISL,1859,29.82,0
Netherlands,NLD,1859,30.91,0
Norway,NOR,1859,49.92,0
Prussia,0,1859,0,1.96
Scotland,0,1859,43.87,2.24
Sweden,SWE,1859,44.26,0
United Kingdom,GBR,1859,40.405,0
Austria,AUT,1860,0,2.68
Belgium,BEL,1860,45.1,2.41
Denmark,DNK,1860,45.08,0
England,0,1860,0,1.36
England and Wales,0,1860,42.94,0
France,FRA,1860,43.35,0
Iceland,ISL,1860,19.84,0
Netherlands,NLD,1860,37,0
Norway,NOR,1860,49.99,0
Prussia,0,1860,0,18.900.000.000.000.000
Scotland,0,1860,41.49,4.89
Sweden,SWE,1860,48.46,0
United Kingdom,GBR,1860,41.945,0
Austria,AUT,1861,0,24.299.999.999.999.900
Belgium,BEL,1861,41.25,0
Canada,CAN,1861,41.595,0
Denmark,DNK,1861,47.62,0
England,0,1861,0,0.64
England and Wales,0,1861,42.31,0
France,FRA,1861,40.58,0
Iceland,ISL,1861,27.18,0
Netherlands,NLD,1861,36.51,0
Norway,NOR,1861,45.81,0
Prussia,0,1861,0,03.02
Scotland,0,1861,44.03,2.5
Sweden,SWE,1861,47.19,0
United Kingdom,GBR,1861,41.62,0
Austria,AUT,1862,0,3.33
Belgium,BEL,1862,43.1,0
Denmark,DNK,1862,47.59,0
England,0,1862,0,0.78
England and Wales,0,1862,42.47,0
France,FRA,1862,42.7,0
Iceland,ISL,1862,27.1,0
Netherlands,NLD,1862,38.37,0
Norway,NOR,1862,44.71,0
Prussia,0,1862,0,2.11
Scotland,0,1862,42.58,1.37
Sweden,SWE,1862,42.7,0
United Kingdom,GBR,1862,42.13,0
Austria,AUT,1863,0,3.51
Belgium,BEL,1863,41.29,0
Denmark,DNK,1863,47.55,0
England,0,1863,0,2.86
England and Wales,0,1863,40.36,0
France,FRA,1863,41.82,0
Iceland,ISL,1863,35.22,0
Netherlands,NLD,1863,38.31,0
Norway,NOR,1863,46.71,0
Prussia,0,1863,0,33.800.000.000.000.000
Scotland,0,1863,40.67,5.26
Sweden,SWE,1863,45.5,0
United Kingdom,GBR,1863,40.37,0
Austria,AUT,1864,0,36.399.999.999.999.900
Belgium,BEL,1864,39.8,5
Denmark,DNK,1864,40.2,0
England,0,1864,0,36.399.999.999.999.900
England and Wales,0,1864,39.93,0
France,FRA,1864,42.06,0
Iceland,ISL,1864,34.97,0
Netherlands,NLD,1864,37.65,0
Norway,NOR,1864,48.78,0
Prussia,0,1864,0,4.62
Scotland,0,1864,40.18,55.200.000.000.000.000
Sweden,SWE,1864,44.81,0
United Kingdom,GBR,1864,39.585,0
Austria,AUT,1865,0,22.800.000.000.000.000
Belgium,BEL,1865,37.73,11.65
Denmark,DNK,1865,39.8,0
England,0,1865,0,03.01
England and Wales,0,1865,40.62,0
Finland,FIN,1865,32.1,0
France,FRA,1865,40.2,0
Iceland,ISL,1865,34.24,0
Japan,JPN,1865,36.426,0
Netherlands,NLD,1865,36.47,0
Norway,NOR,1865,50.42,0
Prussia,0,1865,0,4.38
Scotland,0,1865,41.96,1.2
Sweden,SWE,1865,45.45,0
United Kingdom,GBR,1865,39.75,0
Austria,AUT,1866,0,36.799.999.999.999.900
Belgium,BEL,1866,32.47,2.12
Denmark,DNK,1866,42.9,0
England,0,1866,0,13.900.000.000.000.000
England and Wales,0,1866,40.38,0
France,FRA,1866,41.82,0
Iceland,ISL,1866,27.28,0
Netherlands,NLD,1866,33.69,04.04
Norway,NOR,1866,49.91,0
Prussia,0,1866,0,6.2
Scotland,0,1866,42.29,0.62
Sweden,SWE,1866,44.84,0
United Kingdom,GBR,1866,40.085,0
Austria,AUT,1867,0,4.84
Belgium,BEL,1867,43.05,1.11
Denmark,DNK,1867,44.92,0
England,0,1867,0,11.400.000.000.000.000
England and Wales,0,1867,42.58,0
France,FRA,1867,42.41,0
Iceland,ISL,1867,37.67,0
Netherlands,NLD,1867,39.3,1.54
Norway,NOR,1867,47.87,0
Prussia,0,1867,0,4.32
Scotland,0,1867,43.57,0.31
Sweden,SWE,1867,46.27,0
United Kingdom,GBR,1867,41.995,0
Austria,AUT,1868,0,3.7
Belgium,BEL,1868,42.55,17.000.000.000.000.000
Denmark,DNK,1868,45.64,0
England,0,1868,0,9.099.999.999.999.990
England and Wales,0,1868,41.97,0
France,FRA,1868,40.29,0
Iceland,ISL,1868,34.79,0
Kazakhstan,KAZ,1868,23.58,0
Netherlands,NLD,1868,37.78,0.4
Norway,NOR,1868,47.18,0
Prussia,0,1868,0,1.88
Scotland,0,1868,43.41,0.05
Sweden,SWE,1868,43.32,0
United Kingdom,GBR,1868,41.7,0
Austria,AUT,1869,0,3.74
Belgium,BEL,1869,42.59,3.29
Denmark,DNK,1869,46.1,0
England,0,1869,0,0.67
England and Wales,0,1869,41.62,0
France,FRA,1869,41.12,0
Iceland,ISL,1869,28.17,0
Netherlands,NLD,1869,40.43,0.14
Norway,NOR,1869,49.26,0
Prussia,0,1869,0,1.94
Scotland,0,1869,41.18,0.19
Sweden,SWE,1869,41.01,0
United Kingdom,GBR,1869,41.34,0
Americas,0,1870,35.1,0
Austria,AUT,1870,34.4,29.299.999.999.999.900
Belgium,BEL,1870,40.92,8.18
Denmark,DNK,1870,46,0
England,0,1870,0,11.300.000.000.000.000
England and Wales,0,1870,40.91,0
Europe,0,1870,36.2,0
France,FRA,1870,36.52,0
Iceland,ISL,1870,38.44,0
Japan,JPN,1870,36.593,0
Netherlands,NLD,1870,37.54,1.96
Norway,NOR,1870,50.86,0
Oceania,0,1870,34.7,0
Prussia,0,1870,0,1.75
Scotland,0,1870,41.84,0.34
Sweden,SWE,1870,45.02,1.83
United Kingdom,GBR,1870,40.605,0
World,OWID_WRL,1870,29.7,0
Austria,AUT,1871,0,3.83
Belgium,BEL,1871,34.36,41.68
Canada,CAN,1871,42.557,0
Denmark,DNK,1871,46.08,0
England,0,1871,0,10.120.000.000.000.000
England and Wales,0,1871,41.28,0
France,FRA,1871,29.74,0
Iceland,ISL,1871,35.13,0
Netherlands,NLD,1871,33.01,43.550.000.000.000.000
Norway,NOR,1871,49.67,0
Prussia,0,1871,0,24.32
Scotland,0,1871,41.47,4.29
Sweden,SWE,1871,48.91,0.78
United Kingdom,GBR,1871,41.135,0
Austria,AUT,1872,0,18.66
Belgium,BEL,1872,40.04,15.600.000.000.000.000
Denmark,DNK,1872,47.44,0
England,0,1872,0,8.209.999.999.999.990
England and Wales,0,1872,42.87,0
France,FRA,1872,42.5,0
Iceland,ISL,1872,25.31,0
Italy,ITA,1872,29.76,0
Netherlands,NLD,1872,36.47,10.209.999.999.999.900
Norway,NOR,1872,50.02,0
Prussia,0,1872,0,26.240.000.000.000.000
Scotland,0,1872,41.75,7.18
Sweden,SWE,1872,49.94,0.81
United Kingdom,GBR,1872,42.72,0
Austria,AUT,1873,0,30.939.999.999.999.900
Belgium,BEL,1873,43.49,3.33
Denmark,DNK,1873,47.5,0
England,0,1873,0,0.98
England and Wales,0,1873,43.74,0
France,FRA,1873,41.87,0
Iceland,ISL,1873,36.69,0
Italy,ITA,1873,31.66,0
Kazakhstan,KAZ,1873,23.8,0
Netherlands,NLD,1873,39.27,0.95
Norway,NOR,1873,49.68,0
Prussia,0,1873,0,35.599.999.999.999.900
Scotland,0,1873,42.11,3.27
Sweden,SWE,1873,48.56,26.100.000.000.000.000
United Kingdom,GBR,1873,43.29,0
Austria,AUT,1874,0,17.25
Belgium,BEL,1874,44.68,3.69
Denmark,DNK,1874,46.04,0
England,0,1874,0,8.799.999.999.999.990
England and Wales,0,1874,42.07,0
France,FRA,1874,44.29,0
Iceland,ISL,1874,39.63,0
Italy,ITA,1874,31.81,0
Netherlands,NLD,1874,41.3,0.34
Norway,NOR,1874,47.77,0
Prussia,0,1874,0,0.95
Scotland,0,1874,40.59,3.58
Sweden,SWE,1874,44.15,9.360.000.000.000.000
United Kingdom,GBR,1874,42.105,0
Austria,AUT,1875,0,5.76
Belgium,BEL,1875,42.17,3.13
Costa Rica,CRI,1875,30.215,0
Czechia,CZE,1875,34.954,0
Denmark,DNK,1875,44.48,0
England,0,1875,0,35.000.000.000.000.000
England and Wales,0,1875,41.81,0
Finland,FIN,1875,41.569,0
France,FRA,1875,43.19,0
Germany,DEU,1875,38.37,0
Iceland,ISL,1875,36.61,0
Italy,ITA,1875,31.39,0
Japan,JPN,1875,36.799,0
Netherlands,NLD,1875,38.34,0.5
Norway,NOR,1875,47.63,0
Prussia,0,1875,0,0.36
Scotland,0,1875,40.93,21.999.999.999.999.900
Sweden,SWE,1875,44.47,4.61
United Kingdom,GBR,1875,41.45,0
Austria,AUT,1876,0,40.600.000.000.000.000
Bangladesh,BGD,1876,25.5,0
Belgium,BEL,1876,43.67,2.7
Denmark,DNK,1876,45.85,0
England,0,1876,0,0.99
England and Wales,0,1876,43.65,0
France,FRA,1876,43.59,0
Iceland,ISL,1876,40.34,0
Italy,ITA,1876,33.67,0
Netherlands,NLD,1876,40.46,29.000.000.000.000.000
Norway,NOR,1876,46.82,0
Prussia,0,1876,0,0.31
Scotland,0,1876,43.74,10.999.999.999.999.900
Sweden,SWE,1876,44.77,1.36
Switzerland,CHE,1876,40.19,0
United Kingdom,GBR,1876,42.665,0
Austria,AUT,1877,0,5.550.000.000.000.000
Belgium,BEL,1877,44.48,6.69
Denmark,DNK,1877,47.36,0
England,0,1877,0,1.73
England and Wales,0,1877,44.67,0
France,FRA,1877,44.29,0
Greece,GRC,1877,36.6,0
Iceland,ISL,1877,44.69,0
Italy,ITA,1877,34.96,0
Netherlands,NLD,1877,42.08,0.06
Norway,NOR,1877,49.75,0
Prussia,0,1877,0,0.03
Scotland,0,1877,44.52,10.999.999.999.999.900
Sweden,SWE,1877,46.06,0.79
Switzerland,CHE,1877,39.99,0
United Kingdom,GBR,1877,43.69,0
Austria,AUT,1878,0,63.100.000.000.000.000
Belgium,BEL,1878,44.23,6.78
Denmark,DNK,1878,47.57,0
England,0,1878,0,0.74
England and Wales,0,1878,42.98,0
Finland,FIN,1878,39.34,0
France,FRA,1878,43.37,0
Iceland,ISL,1878,41.37,0
Italy,ITA,1878,34.39,0
Netherlands,NLD,1878,41.09,0.03
Norway,NOR,1878,51.78,0
Prussia,0,1878,0,0.07
Scotland,0,1878,43.57,0.01
Sweden,SWE,1878,46.8,43.999.999.999.999.900
Switzerland,CHE,1878,40.57,0
United Kingdom,GBR,1878,42.04,0
Austria,AUT,1879,0,5.34
Belgium,BEL,1879,43.83,4.3
Denmark,DNK,1879,46.25,0
England,0,1879,0,21.000.000.000.000.000
England and Wales,0,1879,44.22,0
Finland,FIN,1879,44.91,0
France,FRA,1879,43.98,0
Iceland,ISL,1879,39.49,0
Italy,ITA,1879,34.01,0
Netherlands,NLD,1879,41.98,0.02
Norway,NOR,1879,53.14,0
Prussia,0,1879,0,0.13
Scotland,0,1879,45.28,0.02
Sweden,SWE,1879,49.02,0.31
Switzerland,CHE,1879,41.83,0
United Kingdom,GBR,1879,43.505,0
Argentina,ARG,1880,33.1,0
Austria,AUT,1880,0,6.74
Belgium,BEL,1880,42.49,7.48
Denmark,DNK,1880,44.79,0
England,0,1880,0,0.25
England and Wales,0,1880,43.73,0
Finland,FIN,1880,39.7,0
France,FRA,1880,42.79,0
Iceland,ISL,1880,42.41,0
Italy,ITA,1880,32.82,0
Japan,JPN,1880,37.036,0
Netherlands,NLD,1880,40.41,0.19
Norway,NOR,1880,51.89,0
Prussia,0,1880,0,0.26
Scotland,0,1880,43.89,0.03
Sweden,SWE,1880,47.67,0.38
Switzerland,CHE,1880,42.47,0
United Kingdom,GBR,1880,42.975,0
United States,USA,1880,39.41,0
Austria,AUT,1881,35,08.07
Belgium,BEL,1881,44.42,4.8
Canada,CAN,1881,44.73,0
Denmark,DNK,1881,48.28,0
England,0,1881,0,1.19
England and Wales,0,1881,46.08,0
Finland,FIN,1881,37.7,0
France,FRA,1881,43.48,0
Iceland,ISL,1881,35.96,0
India,IND,1881,25.442,0
Italy,ITA,1881,34.27,0
Jamaica,JAM,1881,34.2,0
Netherlands,NLD,1881,42.89,0.18
Norway,NOR,1881,50.44,0
Prussia,0,1881,0,0.36
Scotland,0,1881,45.46,0.05
Sweden,SWE,1881,48.42,0.65
Switzerland,CHE,1881,41.94,0
United Kingdom,GBR,1881,45.055,0
Austria,AUT,1882,0,9.469.999.999.999.990
Belgium,BEL,1882,45.55,2.79
Denmark,DNK,1882,46.7,0
England,0,1882,0,0.5
England and Wales,0,1882,44.83,0
Finland,FIN,1882,40.31,0
France,FRA,1882,43.14,0
Greece,GRC,1882,37.1,0
Iceland,ISL,1882,17.94,0
Italy,ITA,1882,34.35,0
Jamaica,JAM,1882,40.1,0
Netherlands,NLD,1882,43.8,0.37
Norway,NOR,1882,47.38,0
Prussia,0,1882,0,0.36
Scotland,0,1882,45.23,0.01
Spain,ESP,1882,29.5,0
Sweden,SWE,1882,48.41,0.34
Switzerland,CHE,1882,43.02,0
United Kingdom,GBR,1882,43.985,0
Austria,AUT,1883,0,5.96
Belgium,BEL,1883,44.9,3.1
Denmark,DNK,1883,48.51,0
England,0,1883,0,0.36
England and Wales,0,1883,45.05,0
Finland,FIN,1883,42.75,0
France,FRA,1883,43.27,0
Iceland,ISL,1883,29.78,0
Italy,ITA,1883,35.23,0
Jamaica,JAM,1883,38.1,0
Netherlands,NLD,1883,42.36,1.61
Norway,NOR,1883,49.59,0
Prussia,0,1883,0,0.2
Scotland,0,1883,44.42,0.03
Sweden,SWE,1883,48.82,0.27
Switzerland,CHE,1883,45.02,0
United Kingdom,GBR,1883,44.015,0
Austria,AUT,1884,0,5.300.000.000.000.000
Belgium,BEL,1884,44.23,2.29
Denmark,DNK,1884,48.52,0
England,0,1884,0,8.200.000.000.000.000
England and Wales,0,1884,44.74,0
Finland,FIN,1884,42.88,0
France,FRA,1884,42.46,0
Iceland,ISL,1884,42.11,0
Italy,ITA,1884,36.67,0
Jamaica,JAM,1884,37.2,0
Netherlands,NLD,1884,41.34,0.15
Norway,NOR,1884,50.76,0
Prussia,0,1884,0,0.14
Scotland,0,1884,45.06,0.04
Sweden,SWE,1884,49,0.12
Switzerland,CHE,1884,45.07,0
United Kingdom,GBR,1884,43.635,0
Argentina,ARG,1885,32.6,0
Asia,0,1885,27.5,0
Australia,AUS,1885,49.05,0
Austria,AUT,1885,0,6
Belgium,BEL,1885,45.47,2.79
Denmark,DNK,1885,49.62,0
England,0,1885,0,01.03
England and Wales,0,1885,45.72,0
Finland,FIN,1885,41.28,0
France,FRA,1885,43.94,0
Germany,DEU,1885,39.44,0
Iceland,ISL,1885,45.64,0
Italy,ITA,1885,36.92,0
Jamaica,JAM,1885,37.8,0
Japan,JPN,1885,37.328,0
Netherlands,NLD,1885,43.28,0.07
Norway,NOR,1885,51.04,0
Prussia,0,1885,0,0.14
Scotland,0,1885,45.66,0.1
Sweden,SWE,1885,48.83,8
Switzerland,CHE,1885,43.92,0
United Kingdom,GBR,1885,44.57,0
Austria,AUT,1886,0,4
Bangladesh,BGD,1886,23.2,0
Belgium,BEL,1886,43.35,02.04
Denmark,DNK,1886,48.97,0
England,0,1886,0,10.999.999.999.999.900
England and Wales,0,1886,45.29,0
Finland,FIN,1886,40.87,0
France,FRA,1886,43.17,0
Iceland,ISL,1886,45.05,0
Italy,ITA,1886,35.18,0
Jamaica,JAM,1886,36.9,0
Netherlands,NLD,1886,41.98,0.16
Norway,NOR,1886,51.7,0
Prussia,0,1886,0,0.05
Scotland,0,1886,46.33,0.06
Sweden,SWE,1886,50.52,2
Switzerland,CHE,1886,44.75,0
United Kingdom,GBR,1886,44.585,0
Austria,AUT,1887,0,4.17
Belgium,BEL,1887,46.05,1
Denmark,DNK,1887,48.67,0
England,0,1887,0,0.19
England and Wales,0,1887,45.62,0
Finland,FIN,1887,45.54,0
France,FRA,1887,43.72,0
Greece,GRC,1887,37.7,0
Iceland,ISL,1887,40.69,0
Italy,ITA,1887,36.05,0
Jamaica,JAM,1887,35.5,0
Netherlands,NLD,1887,44.98,0.04
Norway,NOR,1887,51.67,0
Prussia,0,1887,0,0.05
Scotland,0,1887,45.89,0.04
Sweden,SWE,1887,51.39,5.999.999.999.999.990
Switzerland,CHE,1887,45.46,0
United Kingdom,GBR,1887,45.08,0
Austria,AUT,1888,0,6.15
Belgium,BEL,1888,44.92,1.46
Denmark,DNK,1888,46.69,0
England,0,1888,0,0.39
England and Wales,0,1888,46.78,0
Finland,FIN,1888,45.19,0
France,FRA,1888,44.15,0
Iceland,ISL,1888,46.76,0
Italy,ITA,1888,37.02,0
Jamaica,JAM,1888,38.6,0
Netherlands,NLD,1888,44.23,0
Norway,NOR,1888,50.37,0
Prussia,0,1888,0,0.03
Scotland,0,1888,47.43,0
Sweden,SWE,1888,52.25,15
Switzerland,CHE,1888,46,0
United Kingdom,GBR,1888,46.28,0
Austria,AUT,1889,0,5.37
Belgium,BEL,1889,45.07,02.02
Denmark,DNK,1889,47.81,0
England,0,1889,0,0.01
England and Wales,0,1889,46.31,0
Finland,FIN,1889,44.92,0
France,FRA,1889,45.54,0
Iceland,ISL,1889,52.51,0
Italy,ITA,1889,39.13,0
Jamaica,JAM,1889,37.6,0
Netherlands,NLD,1889,44.37,0
Norway,NOR,1889,49.07,0
Prussia,0,1889,0,0.05
Scotland,0,1889,46.52,0.01
Sweden,SWE,1889,52.23,4
Switzerland,CHE,1889,45.18,0
United Kingdom,GBR,1889,45.93,0
Argentina,ARG,1890,34,0
Austria,AUT,1890,0,2.49
Belgium,BEL,1890,44.14,01.05
Denmark,DNK,1890,47.27,0
England,0,1890,0,0
England and Wales,0,1890,44.72,0
Finland,FIN,1890,44.61,0
France,FRA,1890,43.43,0
Iceland,ISL,1890,36.76,0
Italy,ITA,1890,38.58,0
Jamaica,JAM,1890,34.3,0
Japan,JPN,1890,37.676,0
Netherlands,NLD,1890,44.42,0.02
Norway,NOR,1890,48.61,0
Prussia,0,1890,0,11.999.999.999.999.900
Scotland,0,1890,44.48,0
Sweden,SWE,1890,50.44,2
Switzerland,CHE,1890,45.01,0
United Kingdom,GBR,1890,44.12,0
United States,USA,1890,45.21,0
Austria,AUT,1891,37.3,28.699.999.999.999.900
Belgium,BEL,1891,44.04,2.11
Canada,CAN,1891,45.174,0
Denmark,DNK,1891,46.78,0
England,0,1891,0,0.02
England and Wales,0,1891,44.24,0
Finland,FIN,1891,42.61,0
France,FRA,1891,44.11,0
Iceland,ISL,1891,47.33,0
India,IND,1891,24.266,0
Italy,ITA,1891,38.55,0
Jamaica,JAM,1891,37.3,0
Netherlands,NLD,1891,44.27,0
Norway,NOR,1891,49.8,0
Prussia,0,1891,0,11.999.999.999.999.900
Scotland,0,1891,43.95,0
Sweden,SWE,1891,51.02,2
Switzerland,CHE,1891,44.81,0
United Kingdom,GBR,1891,44.43,0
Austria,AUT,1892,0,2.56
Belgium,BEL,1892,43.16,04.08
Denmark,DNK,1892,47.4,0
England,0,1892,0,0.15
England and Wales,0,1892,45.46,0
Finland,FIN,1892,39.77,0
France,FRA,1892,43.56,0
Greece,GRC,1892,38.5,0
Iceland,ISL,1892,52.79,0
Italy,ITA,1892,38.93,0
Jamaica,JAM,1892,39.2,0
Netherlands,NLD,1892,43.95,0.02
Norway,NOR,1892,49.67,0
Prussia,0,1892,0,0.03
Scotland,0,1892,46.31,0.03
Spain,ESP,1892,32.1,0
Sweden,SWE,1892,50.47,8
Switzerland,CHE,1892,47.2,0
United Kingdom,GBR,1892,45.59,0
Austria,AUT,1893,0,2.44
Belgium,BEL,1893,44.44,33.600.000.000.000.000
Denmark,DNK,1893,47.08,0
England,0,1893,0,0.49
England and Wales,0,1893,44.83,0
Finland,FIN,1893,43.35,0
France,FRA,1893,43.55,0
Iceland,ISL,1893,52.57,0
Italy,ITA,1893,39.88,0
Jamaica,JAM,1893,38.6,0
Mexico,MEX,1893,23.29,0
Netherlands,NLD,1893,45.86,0.1
Norway,NOR,1893,51.39,0
Prussia,0,1893,0,44.000.000.000.000.000
Scotland,0,1893,44.83,0.17
Sweden,SWE,1893,51.16,0.05
Switzerland,CHE,1893,46.08,0
United Kingdom,GBR,1893,44.68,0
Austria,AUT,1894,0,01.05
Belgium,BEL,1894,46.63,8.500.000.000.000.000
Denmark,DNK,1894,49.38,0
England,0,1894,0,0.27
England and Wales,0,1894,48.3,0
Finland,FIN,1894,45.18,0
France,FRA,1894,45.49,0
Iceland,ISL,1894,44.8,0
Italy,ITA,1894,40,0
Jamaica,JAM,1894,39,0
Mexico,MEX,1894,26.62,0
Netherlands,NLD,1894,46.99,41.000.000.000.000.000
Norway,NOR,1894,50.62,0
Prussia,0,1894,0,25
Scotland,0,1894,48.08,0.32
Sweden,SWE,1894,51.89,35
Switzerland,CHE,1894,45.85,0
United Kingdom,GBR,1894,48.275,0
Argentina,ARG,1895,33.3,0
Australia,AUS,1895,52.95,0
Austria,AUT,1895,0,0.49
Belgium,BEL,1895,45.48,45.999.999.999.999.900
Cyprus,CYP,1895,38.512,0
Denmark,DNK,1895,50.86,0
England,0,1895,0,0.07
England and Wales,0,1895,45.69,0
Finland,FIN,1895,47.61,0
France,FRA,1895,45.26,0
Germany,DEU,1895,42.38,0
Iceland,ISL,1895,52.37,0
Italy,ITA,1895,39.69,0
Jamaica,JAM,1895,37.4,0
Japan,JPN,1895,38.098,0
Mexico,MEX,1895,29.52,0
Netherlands,NLD,1895,46.73,1.3
Norway,NOR,1895,52.79,0
Prussia,0,1895,0,5.999.999.999.999.990
Scotland,0,1895,45.1,10.999.999.999.999.900
Sweden,SWE,1895,54.01,0
Switzerland,CHE,1895,46.93,0
United Kingdom,GBR,1895,45.41,0
Austria,AUT,1896,0,0.36
Bangladesh,BGD,1896,22,0
Belgium,BEL,1896,48.07,0.2
Denmark,DNK,1896,52.92,0
England,0,1896,0,0.18
England and Wales,0,1896,47.37,0
Finland,FIN,1896,46.52,0
France,FRA,1896,47.49,0
Iceland,ISL,1896,53.17,0
Italy,ITA,1896,40.76,0
Jamaica,JAM,1896,37.6,0
Latvia,LVA,1896,44.954,0
Mexico,MEX,1896,28.8,0
Netherlands,NLD,1896,48.56,0.16
Norway,NOR,1896,53.82,0
Prussia,0,1896,0,2
Russia,RUS,1896,31.9,0
Scotland,0,1896,48.7,4
Sweden,SWE,1896,53.34,0
Switzerland,CHE,1896,48.87,0
United Kingdom,GBR,1896,47.07,0
Austria,AUT,1897,0,0.61
Belgium,BEL,1897,48.84,21.000.000.000.000.000
Denmark,DNK,1897,51.8,0
England,0,1897,0,0.01
England and Wales,0,1897,47.19,0
Estonia,EST,1897,43,0
Finland,FIN,1897,48.11,0
France,FRA,1897,47.88,0
Greece,GRC,1897,39.4,0
Iceland,ISL,1897,48.58,0
Italy,ITA,1897,43.35,0
Jamaica,JAM,1897,37,0
Kazakhstan,KAZ,1897,28.6,0
Mexico,MEX,1897,26.24,0
Netherlands,NLD,1897,49.43,0.07
Norway,NOR,1897,53.71,0
Prussia,0,1897,0,2
Scotland,0,1897,46.33,0.02
Sweden,SWE,1897,54,0
Switzerland,CHE,1897,49.1,0
United Kingdom,GBR,1897,46.445,0
Belgium,BEL,1898,48.12,0.24
Denmark,DNK,1898,53.11,0
England,0,1898,0,0.08
England and Wales,0,1898,46.96,0
Finland,FIN,1898,48.07,0
France,FRA,1898,46.01,0
Iceland,ISL,1898,44.35,0
Italy,ITA,1898,42.38,0
Jamaica,JAM,1898,39.1,0
Mexico,MEX,1898,27.03,0
Netherlands,NLD,1898,49.11,0
Norway,NOR,1898,53.95,0
Prussia,0,1898,0,4
Scotland,0,1898,46.66,4
Sweden,SWE,1898,54.59,2
Switzerland,CHE,1898,48.26,0
United Kingdom,GBR,1898,46.14,0
Belgium,BEL,1899,46.5,0.38
Cuba,CUB,1899,18.9,0
Denmark,DNK,1899,50.67,0
England,0,1899,0,0.05
England and Wales,0,1899,46.12,0
Finland,FIN,1899,44.35,0
France,FRA,1899,45.17,0
Iceland,ISL,1899,49.75,0
Italy,ITA,1899,43.71,0
Jamaica,JAM,1899,37.6,0
Mexico,MEX,1899,24.98,0
Netherlands,NLD,1899,49.36,0.01
Norway,NOR,1899,51.61,0
Scotland,0,1899,46.86,2
Sweden,SWE,1899,50.9,0
Switzerland,CHE,1899,49.31,0
United Kingdom,GBR,1899,45.245,0
Americas,0,1900,41,0
Argentina,ARG,1900,39,0
Asia,0,1900,28,0
Belarus,BLR,1900,36.2,0
Belgium,BEL,1900,46.69,0
Bolivia,BOL,1900,26,0
Brazil,BRA,1900,29,0
Bulgaria,BGR,1900,40.2,0
Chile,CHL,1900,29,0
Colombia,COL,1900,29,0
Costa Rica,CRI,1900,32,0
Cuba,CUB,1900,32,0
Czechia,CZE,1900,40.266,0
Denmark,DNK,1900,51.9,0
England,0,1900,0,0.03
England and Wales,0,1900,46.3,0
Estonia,EST,1900,43.1,0
Europe,0,1900,42.7,0
Finland,FIN,1900,41.81,0
France,FRA,1900,45.1,0
Guatemala,GTM,1900,24,0
Hungary,HUN,1900,37.336,0
Iceland,ISL,1900,46.59,0
Italy,ITA,1900,41.85,0
Jamaica,JAM,1900,37.8,0
Japan,JPN,1900,38.6,0
Kazakhstan,KAZ,1900,28.1,0
Lithuania,LTU,1900,41.7,0
Mexico,MEX,1900,25,0
Netherlands,NLD,1900,48.48,0
Norway,NOR,1900,53.47,0
Oceania,0,1900,47.6,0
Paraguay,PRY,1900,25,0
Russia,RUS,1900,30.5,0
Scotland,0,1900,46.43,0
Spain,ESP,1900,34.8,0
Sweden,SWE,1900,52.23,0
Switzerland,CHE,1900,47.59,0
USSR,OWID_USS,1900,29,0
Ukraine,UKR,1900,36.6,0
United Kingdom,GBR,1900,45.62,0
Uruguay,URY,1900,49,0
Venezuela,VEN,1900,28,0
World,OWID_WRL,1900,32,0